Slno,HS_label,Subreddit,Year
1,No,Dublin,2021
2,Yes,cork,2023
3,No,galway,2024
4,No,Dublin,2022
5,No,Dublin,2022
6,No,Dublin,2022
7,No,Dublin,2023
8,No,Dublin,2023
9,No,Dublin,2023
10,No,Dublin,2023
11,No,galway,2023
12,No,Dublin,2020
13,No,Dublin,2023
14,No,Dublin,2023
15,Yes,cork,2023
16,No,limerick,2019
17,No,Dublin,2024
18,No,Dublin,2022
19,No,mayo,2023
20,No,cork,2022
21,No,cork,2022
22,No,cork,2021
23,No,Dublin,2024
24,Yes,Dublin,2023
25,No,Dublin,2022
26,No,cork,2023
27,Yes,Dublin,2023
28,No,cork,2024
29,No,cork,2023
30,No,Dublin,2024
31,No,Dublin,2020
32,No,cork,2021
33,Yes,galway,2024
34,No,cork,2024
35,No,cork,2024
36,No,Dublin,2021
37,No,Dublin,2021
38,No,carlow,2024
39,Yes,Dublin,2023
40,No,Dublin,2024
41,No,Dublin,2023
42,No,Dublin,2021
43,No,cork,2023
44,No,Dublin,2018
45,No,Dublin,2022
46,No,Dublin,2023
47,Yes,Dublin,2023
48,No,cork,2024
49,No,Dublin,2024
50,No,Dublin,2023
51,Yes,Dublin,2024
52,No,Dublin,2023
53,No,Dublin,2018
54,No,cork,2021
55,No,cork,2022
56,No,Dublin,2023
57,Yes,Dublin,2019
58,No,Dublin,2021
59,No,galway,2023
60,No,galway,2022
61,No,Dublin,2019
62,No,Dublin,2017
63,No,Dublin,2022
64,No,Dublin,2023
65,No,Dublin,2023
66,No,galway,2024
67,No,Dublin,2020
68,No,Dublin,2022
69,No,galway,2022
70,No,Dublin,2022
71,No,galway,2023
72,No,Dublin,2019
73,No,Dublin,2024
74,No,Dublin,2023
75,No,Dublin,2022
76,No,Dublin,2020
77,No,galway,2016
78,No,Dublin,2023
79,No,galway,2024
80,No,galway,2023
81,Yes,Dublin,2022
82,No,cork,2024
83,No,Dublin,2019
84,No,Dublin,2018
85,Yes,cork,2020
86,No,cork,2023
87,No,Dublin,2017
88,No,cork,2023
89,No,Dublin,2020
90,Yes,Dublin,2022
91,No,Dublin,2019
92,No,galway,2023
93,No,Dublin,2022
94,No,Dublin,2024
95,No,Dublin,2023
96,Yes,Dublin,2022
97,No,Westmeath,2023
98,No,Dublin,2022
99,No,Laois,2019
100,No,cork,2023
101,No,cork,2022
102,No,cork,2022
103,No,Dublin,2021
104,No,Dublin,2023
105,No,galway,2024
106,Yes,Dublin,2023
107,No,galway,2023
108,No,Dublin,2024
109,Yes,Dublin,2021
110,No,Dublin,2019
111,No,Dublin,2023
112,No,Dublin,2022
113,No,Dublin,2024
114,No,Dublin,2021
115,No,Dublin,2023
116,No,Dublin,2017
117,No,Dublin,2022
118,No,Dublin,2023
119,No,cork,2023
120,No,cork,2023
121,No,Dublin,2021
122,Yes,cork,2022
123,No,Dublin,2021
124,No,Dublin,2024
125,No,Wicklow,2023
126,No,Dublin,2023
127,No,cork,2022
128,No,Dublin,2018
129,No,galway,2024
130,No,Dublin,2021
131,No,Dublin,2023
132,Yes,Dublin,2023
133,No,cork,2022
134,No,Dublin,2022
135,Yes,Dublin,2024
136,No,Donegal,2021
137,No,cork,2022
138,No,Dublin,2022
139,No,cork,2022
140,No,Dublin,2019
141,No,Dublin,2020
142,No,Dublin,2024
143,No,cork,2023
144,No,Dublin,2018
145,Yes,Dublin,2023
146,No,Dublin,2023
147,No,Dublin,2022
148,No,cork,2023
149,No,Dublin,2023
150,No,Dublin,2024
151,No,Dublin,2024
152,No,Dublin,2021
153,No,galway,2024
154,Yes,Dublin,2018
155,No,Dublin,2024
156,No,Dublin,2022
157,No,Dublin,2023
158,No,Dublin,2021
159,No,Dublin,2024
160,No,Dublin,2022
161,Yes,Dublin,2022
162,No,Dublin,2024
163,No,cork,2022
164,No,Dublin,2023
165,No,cork,2022
166,No,Dublin,2023
167,Yes,Dublin,2023
168,Yes,Dublin,2023
169,Yes,Dublin,2024
170,No,Dublin,2023
171,No,Dublin,2020
172,No,Dublin,2020
173,No,Donegal,2022
174,No,Dublin,2019
175,Yes,galway,2024
176,No,cork,2024
177,No,Dublin,2023
178,No,cork,2023
179,No,Dublin,2024
180,No,Dublin,2024
181,No,Dublin,2023
182,Yes,Dublin,2021
183,No,cork,2021
184,No,cork,2022
185,No,Dublin,2022
186,No,Dublin,2021
187,No,Dublin,2022
188,No,cork,2021
189,No,Dublin,2022
190,No,cork,2023
191,No,Dublin,2018
192,No,galway,2023
193,No,galway,2024
194,No,galway,2022
195,No,cork,2023
196,No,cork,2021
197,No,Dublin,2012
198,No,Dublin,2021
199,Yes,Donegal,2017
200,No,cork,2023
201,No,Dublin,2024
202,No,Dublin,2023
203,No,Dublin,2012
204,No,Dublin,2023
205,Yes,cork,2023
206,No,Dublin,2023
207,No,Dublin,2017
208,No,Dublin,2022
209,No,Dublin,2021
210,No,cork,2022
211,No,Dublin,2022
212,Yes,Dublin,2023
213,No,Dublin,2024
214,No,cork,2023
215,No,Dublin,2019
216,No,Dublin,2022
217,No,Dublin,2019
218,Yes,Dublin,2023
219,No,cork,2021
220,No,Dublin,2022
221,No,Dublin,2022
222,No,cork,2022
223,No,Dublin,2023
224,Yes,Tipperary,2023
225,No,Dublin,2022
226,No,cork,2024
227,No,Dublin,2019
228,No,Dublin,2023
229,No,Dublin,2022
230,No,Dublin,2023
231,No,Dublin,2024
232,Yes,Dublin,2023
233,No,Dublin,2024
234,No,Dublin,2016
235,No,Dublin,2022
236,Yes,galway,2023
237,No,Dublin,2019
238,Yes,Dublin,2023
239,Yes,cork,2022
240,No,galway,2023
241,Yes,Dublin,2023
242,No,Dublin,2018
243,No,Dublin,2023
244,No,Dublin,2019
245,No,Dublin,2023
246,No,Dublin,2023
247,No,Dublin,2023
248,No,Dublin,2020
249,No,Dublin,2023
250,Yes,cork,2012
251,No,Dublin,2022
252,No,Dublin,2023
253,No,cork,2022
254,No,Dublin,2024
255,No,kerry,2015
256,No,Leitrim,2022
257,No,cork,2023
258,Yes,Dublin,2019
259,No,Dublin,2023
260,No,Dublin,2023
261,No,Dublin,2021
262,No,Dublin,2018
263,No,Dublin,2022
264,Yes,Dublin,2023
265,No,Leitrim,2018
266,Yes,Dublin,2021
267,No,Dublin,2019
268,No,Dublin,2023
269,No,Dublin,2022
270,No,Dublin,2021
271,No,Dublin,2024
272,No,Dublin,2022
273,No,Sligo,2024
274,No,Dublin,2019
275,No,galway,2024
276,No,Dublin,2021
277,No,Dublin,2024
278,No,Dublin,2020
279,No,Dublin,2024
280,No,Dublin,2017
281,No,Dublin,2022
282,No,Dublin,2020
283,Yes,Dublin,2023
284,No,Dublin,2022
285,No,Dublin,2022
286,No,Dublin,2023
287,No,cork,2024
288,No,Dublin,2022
289,No,Dublin,2023
290,No,Dublin,2023
291,No,Dublin,2023
292,No,Dublin,2023
293,No,cork,2023
294,Yes,Dublin,2020
295,No,Dublin,2023
296,No,mayo,2019
297,No,Wicklow,2022
298,No,Dublin,2018
299,No,mayo,2019
300,Yes,Dublin,2023
301,No,Dublin,2018
302,No,Donegal,2020
303,No,Dublin,2019
304,No,Dublin,2024
305,No,Dublin,2024
306,No,Dublin,2022
307,No,Dublin,2022
308,No,galway,2023
309,No,Dublin,2023
310,No,Dublin,2019
311,No,Dublin,2022
312,Yes,Dublin,2023
313,No,Dublin,2020
314,Yes,Dublin,2019
315,No,Dublin,2023
316,No,Dublin,2023
317,No,Dublin,2023
318,No,Tipperary,2020
319,Yes,Dublin,2023
320,No,cork,2023
321,No,cork,2022
322,No,Dublin,2022
323,No,Dublin,2022
324,Yes,Dublin,2023
325,Yes,Dublin,2023
326,No,Dublin,2022
327,No,Dublin,2019
328,No,Dublin,2024
329,No,Dublin,2020
330,No,Dublin,2018
331,No,galway,2024
332,Yes,carlow,2023
333,No,cork,2020
334,No,Dublin,2023
335,No,Dublin,2023
336,No,Dublin,2024
337,No,Meath,2022
338,No,Dublin,2020
339,No,Dublin,2023
340,Yes,Dublin,2021
341,No,limerick,2014
342,Yes,Dublin,2023
343,No,Dublin,2024
344,Yes,Dublin,2024
345,No,Dublin,2022
346,No,Dublin,2022
347,No,cork,2024
348,No,Dublin,2020
349,No,cork,2024
350,No,galway,2023
351,No,Dublin,2024
352,No,cork,2023
353,Yes,Dublin,2022
354,No,cork,2023
355,No,Dublin,2022
356,No,Dublin,2023
357,No,Dublin,2022
358,No,waterford,2022
359,No,Dublin,2022
360,Yes,Dublin,2023
361,No,Dublin,2021
362,No,Dublin,2021
363,No,Dublin,2022
364,No,galway,2024
365,Yes,Dublin,2022
366,No,Dublin,2024
367,No,waterford,2022
368,No,Dublin,2024
369,No,Dublin,2022
370,No,Dublin,2020
371,No,Dublin,2023
372,No,Dublin,2022
373,No,Dublin,2018
374,No,Dublin,2022
375,No,galway,2023
376,Yes,Dublin,2024
377,No,cork,2022
378,No,galway,2023
379,No,Dublin,2024
380,No,Dublin,2022
381,Yes,Dublin,2023
382,No,Tipperary,2022
383,No,galway,2022
384,No,cork,2023
385,No,Dublin,2018
386,Yes,Dublin,2023
387,Yes,Dublin,2019
388,No,Dublin,2024
389,Yes,Dublin,2019
390,No,Dublin,2022
391,No,Dublin,2023
392,No,Dublin,2022
393,No,Dublin,2021
394,No,Dublin,2017
395,No,Dublin,2011
396,Yes,Dublin,2023
397,No,Dublin,2022
398,No,cork,2022
399,No,Dublin,2022
400,Yes,Dublin,2024
401,No,Wicklow,2020
402,No,Dublin,2022
403,No,galway,2023
404,No,Dublin,2020
405,No,Dublin,2023
406,Yes,Dublin,2024
407,No,cork,2022
408,No,Dublin,2022
409,No,cork,2021
410,Yes,galway,2024
411,No,Dublin,2019
412,No,cork,2022
413,No,Dublin,2023
414,Yes,Dublin,2022
415,No,galway,2023
416,No,Dublin,2023
417,No,Dublin,2022
418,No,Dublin,2023
419,No,cork,2020
420,No,Dublin,2023
421,No,Dublin,2022
422,No,cork,2024
423,No,Dublin,2019
424,Yes,Dublin,2013
425,No,cork,2022
426,No,Dublin,2024
427,Yes,cork,2021
428,No,Dublin,2022
429,No,Dublin,2022
430,Yes,Dublin,2023
431,No,cork,2022
432,No,Dublin,2024
433,No,Dublin,2023
434,No,Kilkenny,2021
435,No,Dublin,2017
436,No,Dublin,2022
437,No,Dublin,2023
438,Yes,Dublin,2023
439,No,Dublin,2019
440,No,Dublin,2019
441,No,Dublin,2023
442,No,Dublin,2024
443,No,galway,2023
444,No,Dublin,2022
445,No,Dublin,2018
446,No,Dublin,2023
447,No,Dublin,2024
448,No,cork,2024
449,No,Dublin,2022
450,No,Dublin,2023
451,No,cork,2022
452,No,Dublin,2017
453,Yes,Dublin,2022
454,No,Dublin,2019
455,No,limerick,2022
456,No,cork,2023
457,No,cork,2020
458,No,cork,2024
459,No,Dublin,2022
460,Yes,Dublin,2024
461,No,cork,2021
462,No,Dublin,2022
463,No,Dublin,2023
464,No,Dublin,2019
465,Yes,cork,2020
466,No,Dublin,2022
467,No,Donegal,2023
468,No,Dublin,2021
469,No,Kilkenny,2023
470,No,Dublin,2023
471,No,cork,2023
472,No,Dublin,2021
473,No,Dublin,2019
474,No,cork,2024
475,No,Dublin,2021
476,No,Dublin,2023
477,No,Dublin,2022
478,No,Dublin,2020
479,Yes,Dublin,2016
480,No,Dublin,2019
481,No,Dublin,2021
482,No,galway,2023
483,No,Dublin,2023
484,No,Dublin,2023
485,No,Dublin,2023
486,No,Laois,2019
487,No,cork,2020
488,No,Donegal,2022
489,No,galway,2022
490,No,Dublin,2023
491,No,Dublin,2023
492,Yes,galway,2023
493,No,Dublin,2020
494,Yes,Dublin,2023
495,Yes,Dublin,2016
496,No,Dublin,2024
497,No,Dublin,2023
498,Yes,Dublin,2023
499,No,Dublin,2022
500,No,Dublin,2022
501,No,Dublin,2022
502,No,cork,2014
503,No,Dublin,2021
504,No,cork,2022
505,No,Roscommon,2022
506,No,Dublin,2023
507,No,galway,2022
508,No,Dublin,2023
509,No,Dublin,2019
510,No,Dublin,2023
511,No,cork,2021
512,No,Dublin,2022
513,No,Dublin,2023
514,No,Dublin,2024
515,No,cork,2024
516,No,Dublin,2018
517,No,Dublin,2024
518,No,galway,2023
519,Yes,Dublin,2024
520,Yes,Dublin,2023
521,No,cork,2024
522,No,cork,2020
523,No,Kilkenny,2022
524,No,Dublin,2023
525,No,Dublin,2022
526,No,Dublin,2021
527,No,cork,2023
528,No,Dublin,2024
529,No,Dublin,2022
530,No,cork,2024
531,No,Dublin,2022
532,No,Dublin,2023
533,No,cork,2022
534,No,Dublin,2022
535,No,Dublin,2023
536,No,Dublin,2023
537,Yes,Dublin,2023
538,No,cork,2024
539,No,Dublin,2022
540,Yes,Dublin,2019
541,No,Dublin,2021
542,No,Dublin,2023
543,No,Dublin,2024
544,No,Dublin,2023
545,No,Dublin,2022
546,No,cork,2022
547,No,cork,2023
548,No,Donegal,2022
549,No,Dublin,2022
550,No,cork,2022
551,No,Dublin,2023
552,Yes,Dublin,2023
553,No,cork,2023
554,No,Leitrim,2019
555,No,Dublin,2022
556,No,Dublin,2023
557,No,Dublin,2022
558,No,Donegal,2019
559,No,Dublin,2023
560,No,Dublin,2020
561,Yes,galway,2024
562,No,Dublin,2023
563,No,Dublin,2024
564,No,cork,2022
565,No,Dublin,2023
566,No,Dublin,2021
567,No,Dublin,2024
568,No,cork,2023
569,No,cork,2024
570,No,Dublin,2022
571,No,cork,2022
572,Yes,Leitrim,2022
573,No,Dublin,2023
574,No,cork,2023
575,No,galway,2023
576,No,Dublin,2024
577,No,Dublin,2023
578,No,Dublin,2023
579,No,limerick,2023
580,No,Dublin,2023
581,No,Dublin,2023
582,No,Dublin,2023
583,No,Dublin,2019
584,No,Dublin,2019
585,No,Dublin,2021
586,No,Dublin,2021
587,No,Dublin,2023
588,No,cork,2022
589,No,Dublin,2023
590,No,cork,2022
591,No,Dublin,2023
592,No,Dublin,2018
593,No,Dublin,2022
594,No,Dublin,2024
595,No,Dublin,2023
596,No,Dublin,2023
597,No,Dublin,2013
598,No,Dublin,2022
599,No,Dublin,2022
600,No,Dublin,2022
601,No,Dublin,2023
602,No,kerry,2024
603,No,Dublin,2024
604,No,cork,2022
605,No,cork,2022
606,No,cork,2022
607,No,Dublin,2012
608,No,cork,2022
609,No,Dublin,2017
610,Yes,cork,2024
611,No,cork,2022
612,No,cork,2022
613,No,Dublin,2023
614,No,Dublin,2018
615,Yes,Dublin,2023
616,No,cork,2024
617,No,Dublin,2023
618,No,cork,2022
619,No,Dublin,2022
620,Yes,galway,2024
621,No,cork,2022
622,No,galway,2023
623,No,Dublin,2022
624,No,Dublin,2023
625,Yes,Dublin,2024
626,No,Dublin,2022
627,No,waterford,2017
628,Yes,Dublin,2023
629,No,Dublin,2021
630,No,galway,2023
631,No,Dublin,2024
632,No,cork,2023
633,Yes,Dublin,2023
634,Yes,Dublin,2023
635,Yes,Dublin,2023
636,No,Dublin,2021
637,No,Dublin,2024
638,Yes,cork,2022
639,No,cork,2020
640,No,Dublin,2023
641,No,galway,2022
642,No,Dublin,2022
643,No,Dublin,2024
644,No,Dublin,2022
645,No,Dublin,2024
646,No,Dublin,2018
647,No,Dublin,2022
648,Yes,Dublin,2023
649,No,cork,2024
650,No,galway,2024
651,No,Dublin,2023
652,No,cork,2022
653,No,Dublin,2024
654,Yes,cork,2021
655,No,cork,2021
656,No,Dublin,2022
657,No,Dublin,2020
658,No,galway,2023
659,Yes,Dublin,2024
660,No,Dublin,2017
661,No,Dublin,2022
662,No,Laois,2018
663,No,Dublin,2024
664,No,Dublin,2022
665,No,Dublin,2023
666,No,cork,2024
667,No,Dublin,2024
668,No,Dublin,2018
669,No,galway,2012
670,No,Dublin,2016
671,No,Dublin,2019
672,Yes,Dublin,2023
673,No,Dublin,2023
674,No,Dublin,2023
675,No,Wicklow,2022
676,Yes,Dublin,2023
677,No,galway,2016
678,No,cork,2020
679,No,Tipperary,2023
680,Yes,Dublin,2023
681,No,Dublin,2022
682,No,galway,2024
683,No,Dublin,2022
684,No,Dublin,2023
685,No,Dublin,2024
686,No,cork,2022
687,No,Roscommon,2018
688,No,Dublin,2021
689,Yes,Dublin,2022
690,No,Dublin,2023
691,Yes,Dublin,2021
692,No,Dublin,2020
693,Yes,Dublin,2023
694,No,galway,2022
695,No,Dublin,2022
696,No,Dublin,2023
697,No,cork,2023
698,No,Dublin,2023
699,No,cork,2021
700,No,galway,2023
701,No,galway,2023
702,No,Dublin,2023
703,No,Dublin,2023
704,No,Dublin,2023
705,No,Dublin,2022
706,No,Dublin,2017
707,No,cork,2024
708,Yes,Dublin,2024
709,No,Dublin,2022
710,No,cork,2023
711,Yes,Dublin,2023
712,Yes,Dublin,2024
713,No,cork,2024
714,Yes,cork,2024
715,No,cork,2023
716,No,Dublin,2023
717,No,Dublin,2020
718,No,Dublin,2023
719,Yes,Dublin,2024
720,No,Dublin,2016
721,No,cork,2023
722,No,cork,2024
723,Yes,Dublin,2023
724,No,Dublin,2019
725,No,Dublin,2019
726,Yes,Dublin,2024
727,No,Dublin,2023
728,Yes,mayo,2024
729,No,Roscommon,2019
730,Yes,Kilkenny,2018
731,Yes,cork,2023
732,No,Dublin,2020
733,Yes,Longford,2023
734,No,galway,2024
735,No,Dublin,2023
736,No,cork,2020
737,No,Dublin,2022
738,Yes,cork,2022
739,No,cork,2022
740,Yes,waterford,2022
741,Yes,Dublin,2022
742,Yes,Dublin,2023
743,No,cork,2023
744,No,Dublin,2022
745,No,Dublin,2023
746,No,Dublin,2022
747,No,Dublin,2021
748,Yes,Donegal,2022
749,Yes,Dublin,2023
750,Yes,carlow,2022
751,No,Dublin,2023
752,No,Dublin,2022
753,No,cork,2022
754,No,cork,2020
755,No,Dublin,2023
756,No,cork,2021
757,No,Dublin,2022
758,No,Dublin,2023
759,No,cork,2022
760,No,cork,2023
761,No,CountyWexford,2018
762,No,Dublin,2023
763,No,Dublin,2022
764,No,galway,2023
765,No,Dublin,2022
766,No,cork,2022
767,No,cork,2013
768,No,Dublin,2022
769,No,Dublin,2022
770,No,cork,2022
771,No,cork,2023
772,No,cork,2022
773,No,Dublin,2022
774,No,limerick,2024
775,No,Dublin,2022
776,No,Dublin,2023
777,No,kerry,2013
778,No,Leitrim,2015
779,Yes,Dublin,2023
780,No,Dublin,2021
781,No,Dublin,2022
782,No,Dublin,2024
783,No,cork,2012
784,No,Dublin,2024
785,Yes,Dublin,2024
786,No,galway,2023
787,No,Donegal,2023
788,No,galway,2022
789,No,Dublin,2023
790,Yes,Dublin,2022
791,No,Dublin,2022
792,No,Dublin,2023
793,No,cork,2023
794,No,Dublin,2021
795,Yes,Dublin,2019
796,No,Dublin,2023
797,No,Clare,2018
798,No,cork,2021
799,No,Clare,2018
800,No,cork,2022
801,No,Dublin,2024
802,No,galway,2023
803,No,Dublin,2017
804,No,Tipperary,2019
805,No,Dublin,2022
806,Yes,Dublin,2024
807,No,cork,2022
808,No,Dublin,2017
809,No,Dublin,2022
810,No,Dublin,2022
811,No,Dublin,2023
812,No,Dublin,2023
813,No,cork,2023
814,No,cork,2022
815,No,Dublin,2018
816,No,Dublin,2016
817,No,Dublin,2017
818,No,Dublin,2022
819,Yes,Dublin,2023
820,No,Dublin,2022
821,No,Dublin,2023
822,No,Dublin,2022
823,No,cork,2022
824,No,Dublin,2023
825,No,Dublin,2019
826,No,Dublin,2023
827,No,cork,2023
828,No,cork,2024
829,No,cork,2024
830,No,Dublin,2023
831,No,Dublin,2024
832,No,Dublin,2022
833,No,Dublin,2023
834,No,Dublin,2021
835,No,Dublin,2021
836,No,galway,2023
837,No,Dublin,2021
838,No,Dublin,2023
839,Yes,Dublin,2023
840,No,galway,2023
841,No,galway,2023
842,Yes,Dublin,2023
843,Yes,galway,2023
844,No,galway,2022
845,No,Dublin,2021
846,No,Dublin,2024
847,No,cork,2023
848,No,Dublin,2019
849,No,Dublin,2023
850,No,cork,2022
851,No,cork,2023
852,No,Dublin,2021
853,Yes,Dublin,2023
854,No,Dublin,2021
855,No,Dublin,2022
856,Yes,Dublin,2023
857,Yes,cork,2023
858,No,Dublin,2022
859,No,Dublin,2022
860,No,galway,2023
861,No,Dublin,2024
862,No,cork,2020
863,No,Dublin,2022
864,No,Dublin,2023
865,No,Dublin,2023
866,Yes,Dublin,2023
867,No,galway,2024
868,No,cork,2022
869,No,cork,2014
870,No,Dublin,2023
871,No,cork,2022
872,No,Dublin,2016
873,No,galway,2024
874,No,Dublin,2024
875,No,Dublin,2019
876,Yes,cork,2023
877,No,cork,2024
878,No,Dublin,2024
879,No,Dublin,2021
880,No,Dublin,2021
881,No,Dublin,2022
882,No,Dublin,2020
883,No,Dublin,2022
884,No,Dublin,2020
885,No,galway,2023
886,No,cork,2023
887,No,Dublin,2017
888,No,Dublin,2024
889,No,Dublin,2020
890,No,Dublin,2019
891,No,galway,2023
892,No,cork,2024
893,No,Dublin,2020
894,No,Dublin,2023
895,No,Dublin,2024
896,No,Dublin,2024
897,No,cork,2023
898,No,Dublin,2022
899,No,Dublin,2022
900,No,Laois,2019
901,No,Dublin,2021
902,No,Dublin,2023
903,No,cork,2023
904,No,cork,2024
905,No,cork,2024
906,No,Dublin,2022
907,No,Dublin,2022
908,Yes,Dublin,2023
909,No,cork,2022
910,No,Dublin,2024
911,No,Dublin,2021
912,No,cork,2023
913,No,Clare,2018
914,No,galway,2024
915,No,cork,2023
916,Yes,mayo,2019
917,No,Dublin,2019
918,No,Dublin,2022
919,No,cork,2022
920,No,Dublin,2022
921,No,Dublin,2022
922,No,Kilkenny,2024
923,No,cork,2022
924,Yes,Leitrim,2021
925,Yes,Dublin,2023
926,No,cork,2023
927,No,galway,2023
928,Yes,cork,2024
929,No,Donegal,2023
930,No,Dublin,2021
931,No,cork,2023
932,No,Dublin,2019
933,No,Dublin,2019
934,No,Dublin,2020
935,No,Dublin,2022
936,No,Dublin,2022
937,No,Dublin,2013
938,No,Dublin,2023
939,No,Dublin,2022
940,No,Dublin,2020
941,No,Dublin,2019
942,No,cork,2023
943,Yes,cork,2023
944,No,cork,2023
945,Yes,cork,2022
946,No,Dublin,2023
947,No,Clare,2019
948,No,Dublin,2023
949,No,Dublin,2023
950,No,cork,2021
951,No,Dublin,2019
952,No,Dublin,2023
953,No,Dublin,2021
954,No,Dublin,2021
955,Yes,Dublin,2023
956,Yes,Dublin,2023
957,No,Dublin,2023
958,No,cork,2022
959,Yes,galway,2024
960,No,Dublin,2023
961,No,Dublin,2024
962,No,Dublin,2022
963,No,Dublin,2024
964,Yes,Dublin,2021
965,No,cork,2022
966,No,galway,2024
967,No,Dublin,2023
968,No,Dublin,2020
969,No,Dublin,2024
970,No,cork,2023
971,Yes,galway,2023
972,No,cork,2023
973,No,Dublin,2022
974,No,Dublin,2023
975,No,Dublin,2020
976,No,Dublin,2023
977,Yes,Dublin,2012
978,No,cork,2022
979,No,Dublin,2023
980,Yes,Donegal,2023
981,No,Dublin,2023
982,No,galway,2023
983,No,Dublin,2018
984,No,cork,2024
985,No,Dublin,2021
986,No,Dublin,2020
987,No,Dublin,2023
988,No,Dublin,2021
989,No,Dublin,2023
990,No,Dublin,2022
991,No,Dublin,2022
992,No,galway,2022
993,No,cork,2022
994,No,cork,2024
995,No,cork,2023
996,Yes,Dublin,2023
997,No,Dublin,2023
998,No,cork,2023
999,Yes,Dublin,2024
1000,No,Dublin,2020
1001,No,cork,2023
1002,No,cork,2020
1003,No,Dublin,2021
1004,Yes,Dublin,2023
1005,No,cork,2023
1006,No,cork,2020
1007,No,cork,2022
1008,Yes,Dublin,2018
1009,No,cork,2022
1010,No,Dublin,2020
1011,Yes,cork,2022
1012,No,Dublin,2022
1013,No,Dublin,2022
1014,No,Dublin,2018
1015,No,Dublin,2020
1016,Yes,Dublin,2023
1017,No,Dublin,2022
1018,Yes,Dublin,2022
1019,No,Dublin,2024
1020,No,Dublin,2023
1021,No,cork,2024
1022,No,Dublin,2024
1023,No,cork,2024
1024,Yes,Dublin,2023
1025,No,Dublin,2023
1026,No,Dublin,2013
1027,No,cork,2023
1028,Yes,Dublin,2022
1029,No,Donegal,2023
1030,No,Dublin,2023
1031,No,Dublin,2022
1032,No,cork,2024
1033,No,cork,2023
1034,Yes,Leitrim,2023
1035,No,Dublin,2022
1036,No,Dublin,2022
1037,No,cork,2023
1038,No,cork,2022
1039,No,Dublin,2022
1040,No,cork,2023
1041,No,cork,2023
1042,No,Dublin,2023
1043,Yes,Dublin,2020
1044,Yes,Dublin,2018
1045,No,Dublin,2022
1046,No,Dublin,2024
1047,No,Dublin,2022
1048,No,Dublin,2019
1049,No,Dublin,2023
1050,No,Dublin,2018
1051,No,cork,2024
1052,No,Dublin,2022
1053,No,Dublin,2020
1054,No,Dublin,2023
1055,No,Dublin,2023
1056,No,Dublin,2018
1057,No,Dublin,2021
1058,Yes,Dublin,2022
1059,No,cork,2024
1060,No,cork,2023
1061,Yes,Dublin,2023
1062,No,Dublin,2023
1063,No,Dublin,2023
1064,No,galway,2024
1065,Yes,cork,2024
1066,No,Dublin,2019
1067,No,Dublin,2020
1068,No,Dublin,2016
1069,Yes,Dublin,2022
1070,No,Dublin,2022
1071,No,Dublin,2024
1072,No,Dublin,2018
1073,No,Dublin,2020
1074,No,carlow,2024
1075,No,Dublin,2023
1076,No,Donegal,2023
1077,No,Dublin,2018
1078,No,Dublin,2023
1079,No,Dublin,2024
1080,No,cork,2024
1081,No,Dublin,2020
1082,No,Dublin,2022
1083,No,cork,2024
1084,No,galway,2023
1085,Yes,Dublin,2022
1086,No,galway,2023
1087,Yes,Dublin,2022
1088,No,Dublin,2021
1089,No,Dublin,2021
1090,No,Dublin,2022
1091,No,galway,2024
1092,No,Dublin,2021
1093,No,cork,2023
1094,No,cork,2022
1095,No,cork,2023
1096,No,Dublin,2024
1097,No,cork,2022
1098,No,Dublin,2024
1099,No,Dublin,2022
1100,No,cork,2022
1101,No,cork,2023
1102,No,Dublin,2022
1103,No,Dublin,2023
1104,No,cork,2021
1105,No,cork,2024
1106,No,cork,2023
1107,No,Dublin,2020
1108,No,cork,2022
1109,No,Dublin,2023
1110,No,cork,2021
1111,No,Dublin,2024
1112,No,cork,2023
1113,No,Dublin,2021
1114,Yes,Dublin,2019
1115,No,galway,2016
1116,No,Dublin,2023
1117,Yes,Dublin,2024
1118,Yes,cork,2024
1119,Yes,Dublin,2024
1120,No,Donegal,2019
1121,No,Dublin,2023
1122,No,galway,2024
1123,No,Dublin,2022
1124,No,galway,2023
1125,No,Dublin,2016
1126,No,Dublin,2024
1127,Yes,cork,2023
1128,No,cork,2023
1129,Yes,waterford,2019
1130,Yes,Donegal,2023
1131,No,Dublin,2019
1132,Yes,Leitrim,2017
1133,No,Dublin,2019
1134,No,Dublin,2024
1135,No,cork,2021
1136,Yes,cork,2023
1137,Yes,cork,2021
1138,No,Dublin,2019
1139,Yes,Dublin,2023
1140,Yes,Dublin,2022
1141,No,cork,2022
1142,Yes,galway,2023
1143,Yes,Dublin,2023
1144,Yes,Dublin,2022
1145,No,Dublin,2023
1146,No,cork,2021
1147,Yes,galway,2024
1148,Yes,Dublin,2022
1149,Yes,Dublin,2022
1150,No,cork,2023
1151,No,cork,2024
1152,Yes,Dublin,2022
1153,Yes,Dublin,2022
1154,No,cork,2024
1155,No,Dublin,2018
1156,Yes,Dublin,2022
1157,No,cork,2023
1158,No,Dublin,2022
1159,Yes,Dublin,2023
1160,No,galway,2023
1161,No,Dublin,2023
1162,No,Dublin,2021
1163,No,Dublin,2022
1164,No,Dublin,2017
1165,Yes,Dublin,2023
1166,No,Dublin,2022
1167,No,limerick,2019
1168,Yes,Dublin,2022
1169,No,cork,2024
1170,Yes,Dublin,2022
1171,No,Dublin,2022
1172,No,kerry,2013
1173,No,Dublin,2023
1174,No,Dublin,2018
1175,No,cork,2022
1176,No,Dublin,2022
1177,Yes,Dublin,2021
1178,No,Dublin,2021
1179,No,Dublin,2022
1180,No,Dublin,2024
1181,Yes,Dublin,2017
1182,Yes,galway,2024
1183,No,Dublin,2021
1184,No,Dublin,2022
1185,No,Dublin,2023
1186,No,Dublin,2022
1187,No,cork,2021
1188,No,Dublin,2023
1189,No,cork,2022
1190,No,Dublin,2021
1191,No,Dublin,2017
1192,No,Dublin,2021
1193,No,Dublin,2019
1194,No,cork,2023
1195,Yes,Dublin,2020
1196,Yes,galway,2023
1197,No,Dublin,2023
1198,No,Dublin,2024
1199,Yes,Dublin,2023
1200,Yes,Dublin,2024
1201,No,cork,2023
1202,No,Dublin,2023
1203,No,cork,2021
1204,No,galway,2023
1205,No,Kilkenny,2023
1206,No,cork,2020
1207,No,Dublin,2024
1208,No,Dublin,2022
1209,No,carlow,2019
1210,Yes,Dublin,2023
1211,Yes,Dublin,2024
1212,Yes,cork,2022
1213,No,cork,2022
1214,No,Dublin,2019
1215,No,Dublin,2022
1216,Yes,cork,2024
1217,No,Dublin,2022
1218,No,cork,2024
1219,No,Dublin,2022
1220,Yes,Dublin,2022
1221,No,galway,2023
1222,No,cork,2021
1223,No,Dublin,2024
1224,No,Dublin,2016
1225,No,Dublin,2019
1226,No,galway,2023
1227,Yes,Dublin,2023
1228,Yes,Dublin,2023
1229,No,Dublin,2023
1230,Yes,cork,2023
1231,No,Dublin,2022
1232,No,cork,2022
1233,Yes,cork,2022
1234,No,Dublin,2022
1235,No,Dublin,2017
1236,No,Dublin,2022
1237,No,Dublin,2024
1238,Yes,Dublin,2023
1239,No,Dublin,2024
1240,No,Dublin,2023
1241,Yes,Dublin,2024
1242,Yes,cork,2024
1243,Yes,cork,2023
1244,No,Dublin,2020
1245,No,Dublin,2017
1246,Yes,cork,2024
1247,No,cork,2023
1248,Yes,Dublin,2024
1249,No,kerry,2021
1250,Yes,Dublin,2023
1251,Yes,cork,2024
1252,No,cork,2022
1253,No,cork,2022
1254,No,Dublin,2024
1255,No,Dublin,2023
1256,No,Dublin,2023
1257,No,cork,2023
1258,No,Dublin,2019
1259,No,Dublin,2023
1260,No,galway,2022
1261,No,galway,2023
1262,No,cork,2020
1263,No,cork,2023
1264,No,Dublin,2024
1265,No,Dublin,2023
1266,No,Dublin,2019
1267,No,Dublin,2021
1268,Yes,Dublin,2023
1269,No,Dublin,2021
1270,No,cork,2023
1271,No,Dublin,2024
1272,No,Dublin,2022
1273,No,Dublin,2024
1274,No,Dublin,2023
1275,Yes,cork,2022
1276,No,Dublin,2022
1277,No,cork,2022
1278,No,Dublin,2022
1279,No,cork,2021
1280,Yes,Dublin,2023
1281,Yes,Dublin,2023
1282,No,Dublin,2023
1283,No,cork,2023
1284,No,cork,2024
1285,No,galway,2024
1286,No,Dublin,2021
1287,No,cork,2023
1288,No,cork,2023
1289,No,Dublin,2024
1290,Yes,Dublin,2022
1291,No,Dublin,2024
1292,No,cork,2020
1293,No,Dublin,2023
1294,No,Dublin,2018
1295,No,Dublin,2023
1296,Yes,Dublin,2022
1297,Yes,Dublin,2023
1298,No,cork,2022
1299,No,Dublin,2023
1300,No,cork,2023
1301,No,Dublin,2022
1302,No,cork,2023
1303,No,Dublin,2023
1304,No,cork,2023
1305,No,Dublin,2023
1306,Yes,cork,2023
1307,No,Dublin,2022
1308,Yes,carlow,2023
1309,No,Dublin,2023
1310,Yes,Dublin,2024
1311,No,cork,2023
1312,Yes,Dublin,2023
1313,No,Dublin,2022
1314,No,Dublin,2020
1315,No,Dublin,2022
1316,No,Dublin,2024
1317,No,Dublin,2022
1318,Yes,Dublin,2024
1319,No,galway,2023
1320,No,cork,2022
1321,No,cork,2022
1322,No,galway,2023
1323,No,Dublin,2018
1324,Yes,Dublin,2023
1325,No,Dublin,2022
1326,No,cork,2022
1327,Yes,Dublin,2023
1328,No,cork,2023
1329,No,kerry,2022
1330,Yes,Dublin,2023
1331,No,cork,2020
1332,No,Dublin,2019
1333,No,cork,2022
1334,No,Dublin,2022
1335,No,cork,2020
1336,No,Dublin,2016
1337,No,Dublin,2023
1338,No,Dublin,2024
1339,No,Dublin,2023
1340,Yes,Wicklow,2018
1341,No,Dublin,2023
1342,Yes,Dublin,2021
1343,No,Dublin,2023
1344,No,Dublin,2023
1345,No,Dublin,2023
1346,No,Dublin,2024
1347,Yes,Dublin,2017
1348,No,Dublin,2022
1349,No,Dublin,2023
1350,Yes,Dublin,2023
1351,No,Dublin,2021
1352,Yes,Dublin,2023
1353,No,galway,2024
1354,Yes,Dublin,2022
1355,No,Dublin,2016
1356,No,galway,2022
1357,No,galway,2024
1358,No,Dublin,2020
1359,No,cork,2021
1360,No,galway,2024
1361,No,cork,2024
1362,No,Dublin,2022
1363,No,Dublin,2023
1364,No,Dublin,2022
1365,No,galway,2015
1366,No,Dublin,2022
1367,No,Dublin,2012
1368,No,Dublin,2023
1369,No,cork,2024
1370,No,Dublin,2023
1371,No,Dublin,2023
1372,No,Dublin,2020
1373,No,cork,2023
1374,No,galway,2023
1375,No,cork,2022
1376,Yes,Dublin,2023
1377,Yes,cork,2024
1378,No,Dublin,2017
1379,No,cork,2022
1380,No,Dublin,2023
1381,Yes,CountyWexford,2019
1382,No,Dublin,2023
1383,No,CountyWexford,2019
1384,Yes,Dublin,2023
1385,No,Dublin,2023
1386,No,cork,2022
1387,No,Dublin,2024
1388,No,Dublin,2022
1389,Yes,Dublin,2024
1390,Yes,Dublin,2024
1391,No,galway,2023
1392,No,Dublin,2023
1393,Yes,Dublin,2024
1394,No,galway,2014
1395,No,Dublin,2023
1396,No,Dublin,2023
1397,Yes,Dublin,2023
1398,No,CountyWexford,2018
1399,No,Dublin,2018
1400,No,cork,2024
1401,Yes,Dublin,2023
1402,No,Dublin,2021
1403,No,Dublin,2024
1404,No,cork,2022
1405,No,Dublin,2022
1406,No,Dublin,2020
1407,No,Meath,2020
1408,Yes,cork,2023
1409,No,Dublin,2018
1410,No,Dublin,2024
1411,No,Dublin,2021
1412,No,cork,2021
1413,No,cork,2022
1414,No,Dublin,2022
1415,No,Dublin,2019
1416,No,Dublin,2024
1417,No,cork,2023
1418,No,Dublin,2022
1419,Yes,Dublin,2024
1420,Yes,cork,2021
1421,No,Dublin,2024
1422,No,Dublin,2022
1423,Yes,galway,2024
1424,No,Dublin,2019
1425,No,Tipperary,2022
1426,No,Dublin,2018
1427,No,Dublin,2012
1428,No,Dublin,2017
1429,Yes,Dublin,2022
1430,No,galway,2023
1431,No,Dublin,2022
1432,No,Dublin,2024
1433,No,cork,2024
1434,No,Dublin,2024
1435,No,cork,2024
1436,No,Dublin,2017
1437,No,Westmeath,2018
1438,No,Dublin,2012
1439,No,cork,2023
1440,No,Dublin,2022
1441,No,Dublin,2022
1442,No,Dublin,2022
1443,No,galway,2022
1444,No,galway,2022
1445,No,Dublin,2023
1446,Yes,Dublin,2023
1447,No,cork,2022
1448,No,galway,2023
1449,No,cork,2023
1450,No,Dublin,2021
1451,No,cork,2021
1452,No,Dublin,2023
1453,No,Dublin,2017
1454,No,Dublin,2017
1455,No,Dublin,2016
1456,No,Dublin,2019
1457,No,Dublin,2024
1458,No,Dublin,2019
1459,No,Dublin,2023
1460,No,cork,2022
1461,No,kerry,2020
1462,No,cork,2022
1463,No,Dublin,2024
1464,No,Dublin,2016
1465,No,Dublin,2024
1466,No,Dublin,2024
1467,Yes,galway,2023
1468,Yes,Dublin,2023
1469,No,Dublin,2023
1470,Yes,Dublin,2023
1471,Yes,Dublin,2024
1472,No,Dublin,2023
1473,Yes,Dublin,2023
1474,Yes,Dublin,2024
1475,No,Dublin,2023
1476,Yes,cork,2024
1477,No,Dublin,2024
1478,No,Dublin,2018
1479,No,Dublin,2012
1480,No,Dublin,2023
1481,No,Kilkenny,2024
1482,No,Dublin,2023
1483,No,Dublin,2022
1484,No,Dublin,2020
1485,No,Dublin,2020
1486,Yes,Dublin,2023
1487,Yes,Dublin,2023
1488,No,Dublin,2019
1489,No,Dublin,2022
1490,No,Dublin,2017
1491,No,cork,2023
1492,No,cork,2021
1493,No,Dublin,2021
1494,No,cork,2023
1495,No,Dublin,2020
1496,No,Dublin,2018
1497,No,Dublin,2020
1498,No,cork,2021
1499,No,Dublin,2023
1500,No,Dublin,2022
1501,No,Dublin,2024
1502,Yes,cork,2024
1503,No,Dublin,2022
1504,No,Dublin,2024
1505,No,cork,2023
1506,No,Dublin,2022
1507,No,Clare,2018
1508,Yes,Dublin,2022
1509,No,cork,2023
1510,No,waterford,2022
1511,No,Dublin,2023
1512,No,galway,2013
1513,No,Dublin,2024
1514,No,Dublin,2023
1515,No,Dublin,2023
1516,No,Dublin,2021
1517,No,Dublin,2022
1518,No,Dublin,2018
1519,No,Dublin,2023
1520,Yes,Dublin,2023
1521,No,Dublin,2020
1522,No,Dublin,2024
1523,Yes,cork,2023
1524,No,cork,2023
1525,No,Dublin,2024
1526,No,Dublin,2022
1527,Yes,Dublin,2022
1528,Yes,cork,2020
1529,No,Dublin,2017
1530,No,Dublin,2024
1531,No,Dublin,2022
1532,No,Donegal,2023
1533,No,Dublin,2022
1534,No,cork,2023
1535,No,galway,2022
1536,Yes,cork,2023
1537,No,Dublin,2023
1538,No,Dublin,2022
1539,No,cork,2023
1540,Yes,cork,2023
1541,Yes,Dublin,2022
1542,No,Dublin,2022
1543,Yes,Dublin,2024
1544,No,Kilkenny,2024
1545,Yes,Dublin,2024
1546,No,cork,2022
1547,No,cork,2022
1548,No,Dublin,2020
1549,No,cork,2023
1550,Yes,Dublin,2023
1551,No,Dublin,2018
1552,Yes,Dublin,2023
1553,Yes,Laois,2019
1554,Yes,cork,2023
1555,No,Dublin,2016
1556,No,Dublin,2018
1557,No,Dublin,2024
1558,No,Dublin,2018
1559,No,cork,2020
1560,No,Dublin,2020
1561,No,Dublin,2021
1562,No,galway,2023
1563,No,Dublin,2021
1564,No,Dublin,2013
1565,No,Dublin,2024
1566,No,galway,2023
1567,No,Dublin,2022
1568,No,Dublin,2024
1569,No,Dublin,2022
1570,No,Dublin,2016
1571,No,Dublin,2024
1572,No,Dublin,2022
1573,Yes,Dublin,2023
1574,Yes,Dublin,2023
1575,No,Dublin,2021
1576,Yes,Dublin,2024
1577,No,galway,2023
1578,No,Dublin,2023
1579,No,Dublin,2017
1580,Yes,Dublin,2023
1581,Yes,cork,2022
1582,No,Dublin,2023
1583,No,cork,2024
1584,No,Dublin,2022
1585,No,Dublin,2023
1586,No,Dublin,2022
1587,No,Dublin,2019
1588,Yes,galway,2022
1589,No,Dublin,2022
1590,No,Dublin,2022
1591,No,Dublin,2024
1592,No,Dublin,2020
1593,Yes,Dublin,2019
1594,No,cork,2023
1595,No,cork,2022
1596,No,galway,2023
1597,No,Wicklow,2024
1598,No,Dublin,2024
1599,Yes,Dublin,2023
1600,No,cork,2011
1601,No,Dublin,2023
1602,No,Dublin,2023
1603,No,cork,2023
1604,No,cork,2022
1605,No,Dublin,2022
1606,No,Dublin,2021
1607,No,Dublin,2019
1608,No,cork,2024
1609,No,Dublin,2021
1610,Yes,Dublin,2022
1611,No,Dublin,2017
1612,No,kerry,2013
1613,No,Dublin,2022
1614,Yes,Dublin,2023
